Trek,1.1,Road
Trek,1.2,Road
Trek,1.5,Road
Trek,520,Road
Trek,820,Mountain
Trek,8500,Mountain
Trek,7.3 FX,Hybrid
Trek,7.3 FX WSD,Hybrid
Trek,7.5 FX,Hybrid
Trek,7.5 FX WSD,Hybrid
Trek,7.7 FX,Hybrid
Trek,820 WSD,Mountain
Trek,Crockett 5 Disc,Cyclocross
Trek,Fuel EX 7,Mountain
Trek,Fuel EX 8,Mountain
Trek,Madone 5.2,Road
Trek,Marlin 5,Mountain
Trek,MT 220,Kids
Trek,Remedy 7,Mountain
Trek,Remedy 8,Mountain
Trek,Remedy 9.8,Mountain
Trek,Skye S,Mountain
Trek,Stache 7,Mountain
Trek,Top Fuel 8,Mountain
Specialized,Allez,Road
Specialized,Allez Elite,Road
Specialized,Ariel Women's,Hybrid
Specialized,Crossroads,Hybrid
Specialized,Crossroads Elite,Hybrid
Specialized,Crossroads Sport,Hybrid
Specialized,Crosstrail,Hybrid
Specialized,Crosstrail Sport,Hybrid
Specialized,Demo 8 I,Mountain
Specialized,Demo 8 II,Mountain
Specialized,Dolce,Road
Specialized,Epic Comp 29er,Mountain
Specialized,Expedition Sport,Hybrid
Specialized,Langster,Track / Fixie / Singlespeed
Specialized,P.3,Mountain
Specialized,Rockhopper 29,Mountain
Specialized,Rockhopper Comp 29,Mountain
Specialized,S-Works Epic,Road
Specialized,Sirrus,Hybrid
Specialized,Sirrus Elite,Hybrid
Specialized,Sirrus Sport,Hybrid
Specialized,Stumpjumper Comp 29er,Mountain
Specialized,Stumpjumper FSR Comp 29er,Mountain
Specialized,Vita Women's,Hybrid
Giant,Cypress,Hybrid
Giant,Cypress DX,Hybrid
Giant,Defy 3,Road
Giant,Defy Advanced 1,Road
Giant,Defy Advanced 2,Road
Giant,Escape 1,Hybrid
Giant,Escape 3,Hybrid
Giant,Expressway 1,Folding
Giant,Expressway 2,Folding
Giant,Reign 1,Mountain
Giant,Reign 2,Mountain
Giant,Reign X1,Mountain
Giant,Sedona,Hybrid
Giant,Sedona DX,Hybrid
Giant,Simple Single,Cruiser
Giant,Simple Single W,Cruiser
Giant,Simple Three,Cruiser
Giant,STP SS,Mountain
Giant,TCR Advanced 1,Road
Giant,TCR Advanced 2,Road
Giant,TCR Advanced Pro 1,Road
Giant,TCR Advanced SL 1,Road
Giant,TCR Advanced SL 2,Road
Giant,Trance 2,Mountain
Giant,Trance 3,Mountain
Cannondale,Adventure 1,Hybrid
Cannondale,Adventure 1 Women's,Hybrid
Cannondale,Adventure 2,Hybrid
Cannondale,Adventure 2 Women's,Hybrid
Cannondale,Adventure 3,Hybrid
Cannondale,Bad Boy 1,Hybrid
Cannondale,Quick 4,Road
Cannondale,Quick 4 Women's,Hybrid
Cannondale,Quick 5,Road
Cannondale,Quick 6,Road
Cannondale,Quick Carbon 1,Road
Cannondale,Quick Carbon 2,Road
Cannondale,Quick CX 1,Hybrid
Cannondale,Quick CX 2,Hybrid
Cannondale,Quick CX 3,Hybrid
Cannondale,Quick CX 4,Hybrid
Cannondale,Road Tandem 2,Road
Cannondale,Trail 5,Mountain
Cannondale,Trail 6,Mountain
Cannondale,Trail 7,Mountain
