Trek,1.1,Road,2017
Trek,1.1,Road,2016
Trek,1.1,Road,2015
Trek,1.1,Road,2014
Trek,1.1,Road,2013
Trek,1.1,Road,2012
Trek,1.1,Road,2011
Trek,1.1,Road,2010
Trek,1.2,Road,2017
Trek,1.2,Road,2016
Trek,1.2,Road,2015
Trek,1.2,Road,2014
Trek,1.2,Road,2013
Trek,1.2,Road,2012
Trek,1.2,Road,2011
Trek,1.2,Road,2010
Trek,1.2,Road,2009
Trek,1.2,Road,2008
Trek,1.5,Road,2015
Trek,1.5,Road,2014
Trek,1.5,Road,2013
Trek,1.5,Road,2012
Trek,1.5,Road,2011
Trek,1.5,Road,2010
Trek,1.5,Road,2009
Trek,1.5,Road,2008
Trek,520,Road,2020
Trek,520,Road,2019
Trek,520,Road,2016
Trek,520,Road,2015
Trek,520,Road,2014
Trek,520,Road,2013
Trek,520,Road,2012
Trek,520,Road,2011
Trek,520,Road,2010
Trek,520,Road,2009
Trek,520,Road,2008
Trek,520,Road,2007
Trek,520,Road,2002
Trek,520,Road,1995
Trek,520,Road,1994
Trek,520,Road,1993
Trek,820,Mountain,2020
Trek,820,Mountain,2019
Trek,820,Mountain,2018
Trek,820,Mountain,2017
Trek,820,Mountain,2016
Trek,820,Mountain,2015
Trek,820,Mountain,2014
Trek,820,Mountain,2013
Trek,820,Mountain,2009
Trek,820,Mountain,2003
Trek,820,Mountain,2000
Trek,820,Mountain,1999
Trek,820,Mountain,1998
Trek,820,Mountain,1997
Trek,820,Mountain,1994
Trek,820,Mountain,1993
Trek,8500,Mountain,2010
Trek,8500,Mountain,2009
Trek,8500,Mountain,2004
Trek,8500,Mountain,2003
Trek,8500,Mountain,2002
Trek,8500,Mountain,2001
Trek,8500,Mountain,1998
Trek,8500,Mountain,1996
Trek,7.3 FX,Hybrid,2015
Trek,7.3 FX,Hybrid,2014
Trek,7.3 FX,Hybrid,2013
Trek,7.3 FX,Hybrid,2012
Trek,7.3 FX,Hybrid,2011
Trek,7.3 FX,Hybrid,2010
Trek,7.3 FX,Hybrid,2009
Trek,7.3 FX,Hybrid,2006
Trek,7.3 FX WSD,Hybrid,2015
Trek,7.3 FX WSD,Hybrid,2014
Trek,7.3 FX WSD,Hybrid,2013
Trek,7.3 FX WSD,Hybrid,2012
Trek,7.3 FX WSD,Hybrid,2011
Trek,7.3 FX WSD,Hybrid,2010
Trek,7.3 FX WSD,Hybrid,2009
Trek,7.3 FX WSD,Hybrid,2008
Trek,7.5 FX,Hybrid,2016
Trek,7.5 FX,Hybrid,2015
Trek,7.5 FX,Hybrid,2014
Trek,7.5 FX,Hybrid,2013
Trek,7.5 FX,Hybrid,2012
Trek,7.5 FX,Hybrid,2011
Trek,7.5 FX,Hybrid,2010
Trek,7.5 FX,Hybrid,2009
Trek,7.5 FX,Hybrid,2008
Trek,7.5 FX,Hybrid,2007
Trek,7.5 FX WSD,Hybrid,2016
Trek,7.5 FX WSD,Hybrid,2015
Trek,7.5 FX WSD,Hybrid,2014
Trek,7.5 FX WSD,Hybrid,2013
Trek,7.5 FX WSD,Hybrid,2012
Trek,7.5 FX WSD,Hybrid,2011
Trek,7.5 FX WSD,Hybrid,2010
Trek,7.5 FX WSD,Hybrid,2009
Trek,7.7 FX,Hybrid,2016
Trek,7.7 FX,Hybrid,2015
Trek,7.7 FX,Hybrid,2014
Trek,7.7 FX,Hybrid,2013
Trek,7.7 FX,Hybrid,2012
Trek,7.7 FX,Hybrid,2011
Trek,7.7 FX,Hybrid,2010
Trek,7.7 FX,Hybrid,2009
Trek,820 WSD,Mountain,2019
Trek,820 WSD,Mountain,2018
Trek,820 WSD,Mountain,2017
Trek,820 WSD,Mountain,2016
Trek,820 WSD,Mountain,2015
Trek,820 WSD,Mountain,2014
Trek,820 WSD,Mountain,2013
Trek,820 WSD,Mountain,2012
Trek,Crockett 5 Disc,Road,2021
Trek,Crockett 5 Disc,Road,2020
Trek,Crockett 5 Disc,Road,2019
Trek,Crockett 5 Disc,Cyclocross,2018
Trek,Crockett 5 Disc,Cyclocross,2017
Trek,Crockett 5 Disc,Cyclocross,2016
Trek,Crockett 5 Disc,Cyclocross,2015
Trek,Crockett 5 Disc,Cyclocross,2014
Trek,Fuel EX 7,Mountain,2021
Trek,Fuel EX 7,Mountain,2013
Trek,Fuel EX 7,Mountain,2012
Trek,Fuel EX 7,Mountain,2011
Trek,Fuel EX 7,Mountain,2010
Trek,Fuel EX 7,Mountain,2009
Trek,Fuel EX 7,Mountain,2006
Trek,Fuel EX 7,Mountain,2005
Trek,Fuel EX 8,Mountain,2020
Trek,Fuel EX 8,Mountain,2014
Trek,Fuel EX 8,Mountain,2013
Trek,Fuel EX 8,Mountain,2012
Trek,Fuel EX 8,Mountain,2011
Trek,Fuel EX 8,Mountain,2010
Trek,Fuel EX 8,Mountain,2009
Trek,Fuel EX 8,Mountain,2006
Trek,Fuel EX 8,Mountain,2005
Trek,Madone 5.2,Road,2014
Trek,Madone 5.2,Road,2013
Trek,Madone 5.2,Road,2012
Trek,Madone 5.2,Road,2011
Trek,Madone 5.2,Road,2010
Trek,Madone 5.2,Road,2009
Trek,Madone 5.2,Road,2008
Trek,Madone 5.2,Road,2005
Trek,Marlin 5,Mountain,2022
Trek,Marlin 5,Mountain,2021
Trek,Marlin 5,Mountain,2020
Trek,Marlin 5,Mountain,2019
Trek,Marlin 5,Mountain,2018
Trek,Marlin 5,Mountain,2017
Trek,Marlin 5,Mountain,2016
Trek,Marlin 5,Mountain,2015
Trek,MT 220,Kids,2015
Trek,MT 220,Kids,2014
Trek,MT 220,Kids,2013
Trek,MT 220,Kids,2012
Trek,MT 220,Kids,2009
Trek,MT 220,Kids,2000
Trek,MT 220,Kids,1997
Trek,MT 220,Kids,1996
Trek,Remedy 7,Mountain,2020
Trek,Remedy 7,Mountain,2019
Trek,Remedy 7,Mountain,2017
Trek,Remedy 7,Mountain,2013
Trek,Remedy 7,Mountain,2012
Trek,Remedy 7,Mountain,2011
Trek,Remedy 7,Mountain,2010
Trek,Remedy 7,Mountain,2009
Trek,Remedy 7,Mountain,2008
Trek,Remedy 8,Mountain,2021
Trek,Remedy 8,Mountain,2020
Trek,Remedy 8,Mountain,2019
Trek,Remedy 8,Mountain,2017
Trek,Remedy 8,Mountain,2013
Trek,Remedy 8,Mountain,2012
Trek,Remedy 8,Mountain,2011
Trek,Remedy 8,Mountain,2010
Trek,Remedy 8,Mountain,2009
Trek,Remedy 8,Mountain,2008
Trek,Remedy 9.8,Mountain,2021
Trek,Remedy 9.8,Mountain,2020
Trek,Remedy 9.8,Mountain,2019
Trek,Remedy 9.8,Mountain,2017
Trek,Remedy 9.8,Mountain,2013
Trek,Remedy 9.8,Mountain,2012
Trek,Remedy 9.8,Mountain,2011
Trek,Remedy 9.8,Mountain,2010
Trek,Skye S,Mountain,2018
Trek,Skye S,Mountain,2017
Trek,Skye S,Mountain,2015
Trek,Skye S,Mountain,2014
Trek,Skye S,Mountain,2013
Trek,Skye S,Mountain,2012
Trek,Skye S,Mountain,2011
Trek,Skye S,Mountain,2010
Trek,Stache 7,Mountain,2020
Trek,Stache 7,Mountain,2019
Trek,Stache 7,Mountain,2018
Trek,Stache 7,Mountain,2017
Trek,Stache 7,Mountain,2016
Trek,Stache 7,Mountain,2015
Trek,Stache 7,Mountain,2014
Trek,Stache 7,Mountain,2013
Trek,Top Fuel 8,Mountain,2020
Trek,Top Fuel 8,Mountain,2019
Trek,Top Fuel 8,Mountain,2018
Trek,Top Fuel 8,Mountain,2017
Trek,Top Fuel 8,Mountain,2016
Trek,Top Fuel 8,Mountain,2011
Trek,Top Fuel 8,Mountain,2010
Trek,Top Fuel 8,Mountain,2009
Specialized,Allez,Road,2021
Specialized,Allez,Road,2020
Specialized,Allez,Road,2019
Specialized,Allez,Road,2018
Specialized,Allez,Road,2016
Specialized,Allez,Road,2015
Specialized,Allez,Road,2014
Specialized,Allez,Road,1999
Specialized,Allez Elite,Road,2021
Specialized,Allez Elite,Road,2020
Specialized,Allez Elite,Road,2019
Specialized,Allez Elite,Road,2018
Specialized,Allez Elite,Road,2015
Specialized,Allez Elite,Road,2014
Specialized,Allez Elite,Road,2011
Specialized,Allez Elite,Road,2010
Specialized,Allez Elite,Road,2009
Specialized,Allez Elite,Road,2008
Specialized,Ariel Women's,Hybrid,2017
Specialized,Ariel Women's,Hybrid,2016
Specialized,Ariel Women's,Hybrid,2015
Specialized,Ariel Women's,Hybrid,2014
Specialized,Ariel Women's,Hybrid,2012
Specialized,Ariel Women's,Hybrid,2011
Specialized,Ariel Women's,Hybrid,2010
Specialized,Ariel Women's,Hybrid,2009
Specialized,Crossroads,URBAN & FITNESS,2019
Specialized,Crossroads,Hybrid,2018
Specialized,Crossroads,Hybrid,2016
Specialized,Crossroads,Hybrid,2015
Specialized,Crossroads,Hybrid,2014
Specialized,Crossroads,Hybrid,2003
Specialized,Crossroads,Hybrid,1997
Specialized,Crossroads,Hybrid,1996
Specialized,Crossroads,Hybrid,1993
Specialized,Crossroads Elite,Hybrid,2017
Specialized,Crossroads Elite,Hybrid,2016
Specialized,Crossroads Elite,Hybrid,2015
Specialized,Crossroads Elite,Hybrid,2014
Specialized,Crossroads Elite,Hybrid,2013
Specialized,Crossroads Elite,Hybrid,2012
Specialized,Crossroads Elite,Hybrid,2011
Specialized,Crossroads Elite,Hybrid,2006
Specialized,Crossroads Elite,Hybrid,1996
Specialized,Crossroads Sport,URBAN & FITNESS,2019
Specialized,Crossroads Sport,Hybrid,2018
Specialized,Crossroads Sport,Hybrid,2017
Specialized,Crossroads Sport,Hybrid,2016
Specialized,Crossroads Sport,Hybrid,2015
Specialized,Crossroads Sport,Hybrid,2014
Specialized,Crossroads Sport,Hybrid,2013
Specialized,Crossroads Sport,Hybrid,2012
Specialized,Crossroads Sport,Hybrid,2006
Specialized,Crossroads Sport,Hybrid,2005
Specialized,Crossroads Sport,Hybrid,2004
Specialized,Crossroads Sport,Hybrid,2003
Specialized,Crossroads Sport,Hybrid,1995
Specialized,Crossroads Sport,Hybrid,1994
Specialized,Crossroads Sport,Hybrid,1993
Specialized,Crosstrail,Hybrid,2017
Specialized,Crosstrail,Hybrid,2015
Specialized,Crosstrail,Hybrid,2014
Specialized,Crosstrail,Hybrid,2013
Specialized,Crosstrail,Hybrid,2012
Specialized,Crosstrail,Hybrid,2011
Specialized,Crosstrail,Other,2010
Specialized,Crosstrail,Hybrid,2009
Specialized,Crosstrail Sport,Hybrid,2019
Specialized,Crosstrail Sport,URBAN & FITNESS,2019
Specialized,Crosstrail Sport,Hybrid,2018
Specialized,Crosstrail Sport,Hybrid,2017
Specialized,Crosstrail Sport,Hybrid,2013
Specialized,Crosstrail Sport,Hybrid,2012
Specialized,Crosstrail Sport,Hybrid,2011
Specialized,Crosstrail Sport,Hybrid,2010
Specialized,Crosstrail Sport,Hybrid,2009
Specialized,Crosstrail Sport,Hybrid,2008
Specialized,Demo 8 I,Mountain,2017
Specialized,Demo 8 I,Mountain,2016
Specialized,Demo 8 I,Mountain,2015
Specialized,Demo 8 I,Mountain,2014
Specialized,Demo 8 I,Mountain,2013
Specialized,Demo 8 I,Mountain,2012
Specialized,Demo 8 I,Mountain,2011
Specialized,Demo 8 I,Mountain,2010
Specialized,Demo 8 I,Mountain,2009
Specialized,Demo 8 I,Mountain,2006
Specialized,Demo 8 II,Mountain,2017
Specialized,Demo 8 II,Mountain,2016
Specialized,Demo 8 II,Mountain,2015
Specialized,Demo 8 II,Mountain,2014
Specialized,Demo 8 II,Mountain,2013
Specialized,Demo 8 II,Mountain,2012
Specialized,Demo 8 II,Mountain,2011
Specialized,Demo 8 II,Mountain,2010
Specialized,Demo 8 II,Mountain,2009
Specialized,Dolce,Road,2019
Specialized,Dolce,Road,2018
Specialized,Dolce,Road,2017
Specialized,Dolce,Road,2016
Specialized,Dolce,Road,2015
Specialized,Dolce,Road,2010
Specialized,Dolce,Road,2009
Specialized,Dolce,Road,2008
Specialized,Dolce,Road,2007
Specialized,Epic Comp 29er,Mountain,2019
Specialized,Epic Comp 29er,Mountain,2016
Specialized,Epic Comp 29er,Mountain,2015
Specialized,Epic Comp 29er,Mountain,2014
Specialized,Epic Comp 29er,Mountain,2013
Specialized,Epic Comp 29er,Mountain,2012
Specialized,Epic Comp 29er,Mountain,2011
Specialized,Epic Comp 29er,Mountain,2010
Specialized,Expedition Sport,Hybrid,2015
Specialized,Expedition Sport,Hybrid,2014
Specialized,Expedition Sport,Hybrid,2013
Specialized,Expedition Sport,Hybrid,2012
Specialized,Expedition Sport,Hybrid,2006
Specialized,Expedition Sport,Hybrid,2005
Specialized,Expedition Sport,Hybrid,2004
Specialized,Expedition Sport,Hybrid,2003
Specialized,Langster,URBAN & FITNESS,2018
Specialized,Langster,Hybrid,2017
Specialized,Langster,Road,2016
Specialized,Langster,Road,2015
Specialized,Langster,Road,2014
Specialized,Langster,Track / Fixie / Singlespeed,2013
Specialized,Langster,Track / Fixie / Singlespeed,2012
Specialized,Langster,Track / Fixie / Singlespeed,2011
Specialized,Langster,Track / Fixie / Singlespeed,2010
Specialized,Langster,Track / Fixie / Singlespeed,2009
Specialized,Langster,Track / Fixie / Singlespeed,2008
Specialized,Langster,Track / Fixie / Singlespeed,2007
Specialized,P.3,Mountain,2021
Specialized,P.3,Mountain,2019
Specialized,P.3,Mountain,2018
Specialized,P.3,Mountain,2017
Specialized,P.3,Mountain,2016
Specialized,P.3,Mountain,2015
Specialized,P.3,Mountain,2014
Specialized,P.3,Mountain,2013
Specialized,P.3,Mountain,2010
Specialized,P.3,Mountain,2009
Specialized,P.3,Mountain,2008
Specialized,P.3,Mountain,2000
Specialized,Rockhopper 29,Mountain,2021
Specialized,Rockhopper 29,Mountain,2017
Specialized,Rockhopper 29,Mountain,2016
Specialized,Rockhopper 29,Mountain,2015
Specialized,Rockhopper 29,Mountain,2014
Specialized,Rockhopper 29,Mountain,2013
Specialized,Rockhopper 29,Mountain,2012
Specialized,Rockhopper 29,Mountain,2011
Specialized,Rockhopper 29,Mountain,2009
Specialized,Rockhopper Comp 29,Mountain,2021
Specialized,Rockhopper Comp 29,Mountain,2017
Specialized,Rockhopper Comp 29,Mountain,2016
Specialized,Rockhopper Comp 29,Mountain,2015
Specialized,Rockhopper Comp 29,Mountain,2014
Specialized,Rockhopper Comp 29,Mountain,2013
Specialized,Rockhopper Comp 29,Mountain,2012
Specialized,Rockhopper Comp 29,Mountain,2011
Specialized,S-Works Epic,Mountain,2021
Specialized,S-Works Epic,Mountain,2018
Specialized,S-Works Epic,Mountain,2011
Specialized,S-Works Epic,Mountain,2010
Specialized,S-Works Epic,Mountain,2009
Specialized,S-Works Epic,Mountain,2008
Specialized,S-Works Epic,Mountain,2004
Specialized,S-Works Epic,Road,1993
Specialized,Sirrus,Hybrid,2018
Specialized,Sirrus,Hybrid,2017
Specialized,Sirrus,Hybrid,2016
Specialized,Sirrus,Hybrid,2015
Specialized,Sirrus,Hybrid,2014
Specialized,Sirrus,Hybrid,2013
Specialized,Sirrus,Hybrid,2012
Specialized,Sirrus,Hybrid,2011
Specialized,Sirrus,Hybrid,2010
Specialized,Sirrus,Hybrid,2009
Specialized,Sirrus,Hybrid,2003
Specialized,Sirrus,Hybrid,1997
Specialized,Sirrus Elite,Hybrid,2017
Specialized,Sirrus Elite,Hybrid,2016
Specialized,Sirrus Elite,Hybrid,2015
Specialized,Sirrus Elite,Hybrid,2014
Specialized,Sirrus Elite,Hybrid,2013
Specialized,Sirrus Elite,Hybrid,2012
Specialized,Sirrus Elite,Hybrid,2011
Specialized,Sirrus Elite,Hybrid,2010
Specialized,Sirrus Elite,Hybrid,2009
Specialized,Sirrus Sport,Hybrid,2017
Specialized,Sirrus Sport,Hybrid,2016
Specialized,Sirrus Sport,Hybrid,2015
Specialized,Sirrus Sport,Hybrid,2014
Specialized,Sirrus Sport,Hybrid,2013
Specialized,Sirrus Sport,Hybrid,2012
Specialized,Sirrus Sport,Hybrid,2011
Specialized,Sirrus Sport,Hybrid,2010
Specialized,Sirrus Sport,Hybrid,2009
Specialized,Stumpjumper Comp 29er,Mountain,2016
Specialized,Stumpjumper Comp 29er,Mountain,2015
Specialized,Stumpjumper Comp 29er,Mountain,2014
Specialized,Stumpjumper Comp 29er,Mountain,2013
Specialized,Stumpjumper Comp 29er,Mountain,2012
Specialized,Stumpjumper Comp 29er,Mountain,2011
Specialized,Stumpjumper Comp 29er,Mountain,2010
Specialized,Stumpjumper Comp 29er,Mountain,2009
Specialized,Stumpjumper Comp 29er,Mountain,2008
Specialized,Stumpjumper FSR Comp 29er,Mountain,2017
Specialized,Stumpjumper FSR Comp 29er,Mountain,2016
Specialized,Stumpjumper FSR Comp 29er,Mountain,2015
Specialized,Stumpjumper FSR Comp 29er,Mountain,2014
Specialized,Stumpjumper FSR Comp 29er,Mountain,2013
Specialized,Stumpjumper FSR Comp 29er,Mountain,2012
Specialized,Stumpjumper FSR Comp 29er,Mountain,2011
Specialized,Stumpjumper FSR Comp 29er,Mountain,2010
Specialized,Stumpjumper FSR Comp 29er,Mountain,2009
Specialized,Vita Women's,Hybrid,2016
Specialized,Vita Women's,Hybrid,2015
Specialized,Vita Women's,Hybrid,2014
Specialized,Vita Women's,Hybrid,2013
Specialized,Vita Women's,Hybrid,2011
Specialized,Vita Women's,Hybrid,2010
Specialized,Vita Women's,Hybrid,2009
Specialized,Vita Women's,Hybrid,2008
Giant,Cypress,Hybrid,2021
Giant,Cypress,URBAN & FITNESS,2021
Giant,Cypress,URBAN & FITNESS,2020
Giant,Cypress,URBAN & FITNESS,2019
Giant,Cypress,URBAN & FITNESS,2018
Giant,Cypress,Hybrid,2017
Giant,Cypress,Hybrid,2016
Giant,Cypress,Hybrid,2015
Giant,Cypress,Hybrid,2014
Giant,Cypress,Hybrid,2010
Giant,Cypress,Hybrid,2000
Giant,Cypress DX,Hybrid,2021
Giant,Cypress DX,URBAN & FITNESS,2021
Giant,Cypress DX,URBAN & FITNESS,2020
Giant,Cypress DX,URBAN & FITNESS,2018
Giant,Cypress DX,Hybrid,2017
Giant,Cypress DX,Hybrid,2016
Giant,Cypress DX,Hybrid,2015
Giant,Cypress DX,Hybrid,2014
Giant,Cypress DX,Hybrid,2013
Giant,Cypress DX,Hybrid,2012
Giant,Cypress DX,Hybrid,2011
Giant,Cypress DX,Hybrid,2010
Giant,Cypress DX,Hybrid,2002
Giant,Cypress DX,Hybrid,2001
Giant,Defy 3,Road,2016
Giant,Defy 3,Road,2015
Giant,Defy 3,Road,2014
Giant,Defy 3,Road,2013
Giant,Defy 3,Road,2012
Giant,Defy 3,Road,2011
Giant,Defy 3,Road,2010
Giant,Defy 3,Road,2009
Giant,Defy Advanced 1,Road,2021
Giant,Defy Advanced 1,Road,2020
Giant,Defy Advanced 1,Road,2019
Giant,Defy Advanced 1,Road,2018
Giant,Defy Advanced 1,Road,2017
Giant,Defy Advanced 1,Road,2016
Giant,Defy Advanced 1,Road,2015
Giant,Defy Advanced 1,Road,2014
Giant,Defy Advanced 1,Road,2013
Giant,Defy Advanced 1,Road,2012
Giant,Defy Advanced 1,Road,2011
Giant,Defy Advanced 1,Road,2010
Giant,Defy Advanced 1,Road,2009
Giant,Defy Advanced 2,Road,2021
Giant,Defy Advanced 2,Road,2020
Giant,Defy Advanced 2,Road,2019
Giant,Defy Advanced 2,Road,2018
Giant,Defy Advanced 2,Road,2017
Giant,Defy Advanced 2,Road,2016
Giant,Defy Advanced 2,Road,2015
Giant,Defy Advanced 2,Road,2012
Giant,Defy Advanced 2,Road,2011
Giant,Defy Advanced 2,Road,2010
Giant,Defy Advanced 2,Road,2009
Giant,Escape 1,URBAN & FITNESS,2018
Giant,Escape 1,Hybrid,2017
Giant,Escape 1,Hybrid,2016
Giant,Escape 1,Hybrid,2015
Giant,Escape 1,Hybrid,2014
Giant,Escape 1,Hybrid,2013
Giant,Escape 1,Hybrid,2012
Giant,Escape 1,Hybrid,2011
Giant,Escape 3,Hybrid,2021
Giant,Escape 3,URBAN & FITNESS,2021
Giant,Escape 3,URBAN & FITNESS,2020
Giant,Escape 3,URBAN & FITNESS,2019
Giant,Escape 3,URBAN & FITNESS,2018
Giant,Escape 3,Hybrid,2017
Giant,Escape 3,Hybrid,2016
Giant,Escape 3,Hybrid,2015
Giant,Escape 3,Hybrid,2014
Giant,Escape 3,Hybrid,2013
Giant,Expressway 1,Folding,2020
Giant,Expressway 1,Folding,2019
Giant,Expressway 1,Folding,2018
Giant,Expressway 1,Folding,2017
Giant,Expressway 1,Folding,2016
Giant,Expressway 1,Folding,2015
Giant,Expressway 1,Folding,2014
Giant,Expressway 1,Folding,2013
Giant,Expressway 1,Folding,2012
Giant,Expressway 1,Folding,2011
Giant,Expressway 2,Folding,2020
Giant,Expressway 2,Folding,2019
Giant,Expressway 2,Folding,2018
Giant,Expressway 2,Folding,2017
Giant,Expressway 2,Folding,2016
Giant,Expressway 2,Folding,2015
Giant,Expressway 2,Folding,2014
Giant,Expressway 2,Folding,2013
Giant,Expressway 2,Folding,2012
Giant,Expressway 2,Folding,2011
Giant,Reign 1,Mountain,2018
Giant,Reign 1,Mountain,2013
Giant,Reign 1,Mountain,2012
Giant,Reign 1,Mountain,2011
Giant,Reign 1,Mountain,2010
Giant,Reign 1,Mountain,2009
Giant,Reign 1,Mountain,2008
Giant,Reign 1,Mountain,2007
Giant,Reign 1,Mountain,2006
Giant,Reign 1,Mountain,2005
Giant,Reign 2,Mountain,2020
Giant,Reign 2,Mountain,2019
Giant,Reign 2,Mountain,2018
Giant,Reign 2,Mountain,2017
Giant,Reign 2,Mountain,2013
Giant,Reign 2,Mountain,2012
Giant,Reign 2,Mountain,2011
Giant,Reign 2,Mountain,2010
Giant,Reign 2,Mountain,2009
Giant,Reign 2,Mountain,2008
Giant,Reign 2,Mountain,2006
Giant,Reign 2,Mountain,2005
Giant,Reign X1,Mountain,2014
Giant,Reign X1,Mountain,2013
Giant,Reign X1,Mountain,2012
Giant,Reign X1,Mountain,2011
Giant,Reign X1,Mountain,2010
Giant,Reign X1,Mountain,2009
Giant,Reign X1,Mountain,2008
Giant,Reign X1,Mountain,2007
Giant,Sedona,URBAN & FITNESS,2020
Giant,Sedona,URBAN & FITNESS,2019
Giant,Sedona,URBAN & FITNESS,2018
Giant,Sedona,Hybrid,2017
Giant,Sedona,Hybrid,2016
Giant,Sedona,Hybrid,2015
Giant,Sedona,Hybrid,2014
Giant,Sedona,Hybrid,2013
Giant,Sedona,Hybrid,2010
Giant,Sedona,Hybrid,2001
Giant,Sedona,Hybrid,1999
Giant,Sedona,Hybrid,1995
Giant,Sedona DX,URBAN & FITNESS,2021
Giant,Sedona DX,URBAN & FITNESS,2020
Giant,Sedona DX,Hybrid,2019
Giant,Sedona DX,Hybrid,2017
Giant,Sedona DX,Hybrid,2016
Giant,Sedona DX,Hybrid,2015
Giant,Sedona DX,Hybrid,2014
Giant,Sedona DX,Hybrid,2013
Giant,Sedona DX,Hybrid,2010
Giant,Sedona DX,Hybrid,2004
Giant,Sedona DX,Hybrid,2001
Giant,Simple Single,URBAN & FITNESS,2021
Giant,Simple Single,URBAN & FITNESS,2020
Giant,Simple Single,URBAN & FITNESS,2019
Giant,Simple Single,URBAN & FITNESS,2018
Giant,Simple Single,Hybrid,2017
Giant,Simple Single,Cruiser,2016
Giant,Simple Single,Cruiser,2015
Giant,Simple Single,Cruiser,2014
Giant,Simple Single,Cruiser,2013
Giant,Simple Single,Cruiser,2010
Giant,Simple Single,Cruiser,2006
Giant,Simple Single,Cruiser,2005
Giant,Simple Single,Cruiser,2004
Giant,Simple Single,Cruiser,2003
Giant,Simple Single W,Cruiser,2014
Giant,Simple Single W,Cruiser,2013
Giant,Simple Single W,Cruiser,2012
Giant,Simple Single W,Cruiser,2011
Giant,Simple Single W,Cruiser,2010
Giant,Simple Single W,Cruiser,2009
Giant,Simple Single W,Cruiser,2008
Giant,Simple Single W,Cruiser,2007
Giant,Simple Three,URBAN & FITNESS,2021
Giant,Simple Three,URBAN & FITNESS,2020
Giant,Simple Three,URBAN & FITNESS,2019
Giant,Simple Three,URBAN & FITNESS,2018
Giant,Simple Three,Hybrid,2017
Giant,Simple Three,Cruiser,2016
Giant,Simple Three,Cruiser,2015
Giant,Simple Three,Cruiser,2014
Giant,Simple Three,Cruiser,2013
Giant,Simple Three,Cruiser,2005
Giant,STP SS,Mountain,2015
Giant,STP SS,Mountain,2014
Giant,STP SS,Mountain,2013
Giant,STP SS,Mountain,2010
Giant,STP SS,Mountain,2009
Giant,STP SS,Mountain,2008
Giant,STP SS,Mountain,2007
Giant,STP SS,Mountain,2006
Giant,TCR Advanced 1,Road,2016
Giant,TCR Advanced 1,Road,2015
Giant,TCR Advanced 1,Road,2014
Giant,TCR Advanced 1,Road,2013
Giant,TCR Advanced 1,Road,2012
Giant,TCR Advanced 1,Road,2011
Giant,TCR Advanced 1,Road,2010
Giant,TCR Advanced 1,Road,2009
Giant,TCR Advanced 2,Road,2021
Giant,TCR Advanced 2,Road,2019
Giant,TCR Advanced 2,Road,2018
Giant,TCR Advanced 2,Road,2017
Giant,TCR Advanced 2,Road,2016
Giant,TCR Advanced 2,Road,2015
Giant,TCR Advanced 2,Road,2012
Giant,TCR Advanced 2,Road,2011
Giant,TCR Advanced 2,Road,2010
Giant,TCR Advanced 2,Road,2009
Giant,TCR Advanced 2,Road,2008
Giant,TCR Advanced Pro 1,Road,2021
Giant,TCR Advanced Pro 1,Road,2020
Giant,TCR Advanced Pro 1,Road,2019
Giant,TCR Advanced Pro 1,Road,2018
Giant,TCR Advanced Pro 1,Road,2017
Giant,TCR Advanced Pro 1,Road,2016
Giant,TCR Advanced Pro 1,Road,2015
Giant,TCR Advanced Pro 1,Road,2014
Giant,TCR Advanced SL 1,Road,2017
Giant,TCR Advanced SL 1,Road,2016
Giant,TCR Advanced SL 1,Road,2015
Giant,TCR Advanced SL 1,Road,2014
Giant,TCR Advanced SL 1,Road,2013
Giant,TCR Advanced SL 1,Road,2012
Giant,TCR Advanced SL 1,Road,2011
Giant,TCR Advanced SL 1,Road,2010
Giant,TCR Advanced SL 1,Road,2009
Giant,TCR Advanced SL 2,Road,2020
Giant,TCR Advanced SL 2,Road,2019
Giant,TCR Advanced SL 2,Road,2017
Giant,TCR Advanced SL 2,Road,2016
Giant,TCR Advanced SL 2,Road,2015
Giant,TCR Advanced SL 2,Road,2014
Giant,TCR Advanced SL 2,Road,2013
Giant,TCR Advanced SL 2,Road,2012
Giant,TCR Advanced SL 2,Road,2011
Giant,TCR Advanced SL 2,Road,2010
Giant,TCR Advanced SL 2,Road,2009
Giant,Trance 2,Mountain,2020
Giant,Trance 2,Mountain,2019
Giant,Trance 2,Mountain,2018
Giant,Trance 2,Mountain,2017
Giant,Trance 2,Mountain,2008
Giant,Trance 2,Mountain,2007
Giant,Trance 2,Mountain,2006
Giant,Trance 2,Mountain,2005
Giant,Trance 3,Mountain,2020
Giant,Trance 3,Mountain,2019
Giant,Trance 3,Mountain,2018
Giant,Trance 3,Mountain,2017
Giant,Trance 3,Mountain,2009
Giant,Trance 3,Mountain,2007
Giant,Trance 3,Mountain,2006
Giant,Trance 3,Mountain,2005
Cannondale,Adventure 1,Hybrid,2021
Cannondale,Adventure 1,URBAN & FITNESS,2021
Cannondale,Adventure 1,URBAN & FITNESS,2019
Cannondale,Adventure 1,URBAN & FITNESS,2018
Cannondale,Adventure 1,Hybrid,2017
Cannondale,Adventure 1,Hybrid,2016
Cannondale,Adventure 1,Hybrid,2015
Cannondale,Adventure 1,Hybrid,2014
Cannondale,Adventure 1,Hybrid,2013
Cannondale,Adventure 1,Hybrid,2011
Cannondale,Adventure 1,Hybrid,2008
Cannondale,Adventure 1 Women's,Hybrid,2019
Cannondale,Adventure 1 Women's,Hybrid,2018
Cannondale,Adventure 1 Women's,Hybrid,2017
Cannondale,Adventure 1 Women's,Hybrid,2016
Cannondale,Adventure 1 Women's,Hybrid,2015
Cannondale,Adventure 1 Women's,Hybrid,2014
Cannondale,Adventure 1 Women's,Hybrid,2013
Cannondale,Adventure 1 Women's,Hybrid,2011
Cannondale,Adventure 2,Hybrid,2021
Cannondale,Adventure 2,URBAN & FITNESS,2021
Cannondale,Adventure 2,URBAN & FITNESS,2019
Cannondale,Adventure 2,URBAN & FITNESS,2018
Cannondale,Adventure 2,Hybrid,2017
Cannondale,Adventure 2,Hybrid,2016
Cannondale,Adventure 2,Hybrid,2015
Cannondale,Adventure 2,Hybrid,2014
Cannondale,Adventure 2,Hybrid,2013
Cannondale,Adventure 2,Hybrid,2012
Cannondale,Adventure 2,Hybrid,2011
Cannondale,Adventure 2,Hybrid,2010
Cannondale,Adventure 2,Hybrid,2009
Cannondale,Adventure 2,Hybrid,2008
Cannondale,Adventure 2 Women's,Hybrid,2019
Cannondale,Adventure 2 Women's,Hybrid,2018
Cannondale,Adventure 2 Women's,Hybrid,2017
Cannondale,Adventure 2 Women's,Hybrid,2016
Cannondale,Adventure 2 Women's,Hybrid,2015
Cannondale,Adventure 2 Women's,Hybrid,2014
Cannondale,Adventure 2 Women's,Hybrid,2013
Cannondale,Adventure 2 Women's,Hybrid,2012
Cannondale,Adventure 2 Women's,Hybrid,2011
Cannondale,Adventure 3,URBAN & FITNESS,2019
Cannondale,Adventure 3,URBAN & FITNESS,2018
Cannondale,Adventure 3,Hybrid,2017
Cannondale,Adventure 3,Hybrid,2016
Cannondale,Adventure 3,Hybrid,2015
Cannondale,Adventure 3,Hybrid,2014
Cannondale,Adventure 3,Hybrid,2013
Cannondale,Adventure 3,Hybrid,2010
Cannondale,Bad Boy 1,URBAN & FITNESS,2021
Cannondale,Bad Boy 1,Hybrid,2021
Cannondale,Bad Boy 1,URBAN & FITNESS,2018
Cannondale,Bad Boy 1,Hybrid,2017
Cannondale,Bad Boy 1,Hybrid,2016
Cannondale,Bad Boy 1,Hybrid,2015
Cannondale,Bad Boy 1,Hybrid,2014
Cannondale,Bad Boy 1,Hybrid,2013
Cannondale,Bad Boy 1,Hybrid,2012
Cannondale,Quick 4,Hybrid,2021
Cannondale,Quick 4,URBAN & FITNESS,2021
Cannondale,Quick 4,URBAN & FITNESS,2019
Cannondale,Quick 4,URBAN & FITNESS,2018
Cannondale,Quick 4,Hybrid,2017
Cannondale,Quick 4,Hybrid,2016
Cannondale,Quick 4,Hybrid,2015
Cannondale,Quick 4,Hybrid,2014
Cannondale,Quick 4,Road,2013
Cannondale,Quick 4,Road,2012
Cannondale,Quick 4,Road,2011
Cannondale,Quick 4,Hybrid,2010
Cannondale,Quick 4,Road,2009
Cannondale,Quick 4 Women's,Hybrid,2019
Cannondale,Quick 4 Women's,Hybrid,2018
Cannondale,Quick 4 Women's,URBAN & FITNESS,2018
Cannondale,Quick 4 Women's,Hybrid,2017
Cannondale,Quick 4 Women's,Hybrid,2016
Cannondale,Quick 4 Women's,Hybrid,2015
Cannondale,Quick 4 Women's,Hybrid,2014
Cannondale,Quick 4 Women's,Hybrid,2013
Cannondale,Quick 4 Women's,Hybrid,2012
Cannondale,Quick 4 Women's,Hybrid,2011
Cannondale,Quick 5,URBAN & FITNESS,2021
Cannondale,Quick 5,URBAN & FITNESS,2020
Cannondale,Quick 5,Hybrid,2016
Cannondale,Quick 5,Hybrid,2015
Cannondale,Quick 5,Hybrid,2014
Cannondale,Quick 5,Road,2013
Cannondale,Quick 5,Road,2012
Cannondale,Quick 5,Road,2011
Cannondale,Quick 6,URBAN & FITNESS,2021
Cannondale,Quick 6,URBAN & FITNESS,2020
Cannondale,Quick 6,URBAN & FITNESS,2019
Cannondale,Quick 6,URBAN & FITNESS,2018
Cannondale,Quick 6,Hybrid,2017
Cannondale,Quick 6,Hybrid,2016
Cannondale,Quick 6,Hybrid,2015
Cannondale,Quick 6,Hybrid,2014
Cannondale,Quick 6,Road,2013
Cannondale,Quick Carbon 1,URBAN & FITNESS,2018
Cannondale,Quick Carbon 1,Hybrid,2017
Cannondale,Quick Carbon 1,Hybrid,2016
Cannondale,Quick Carbon 1,Hybrid,2015
Cannondale,Quick Carbon 1,Hybrid,2014
Cannondale,Quick Carbon 1,Road,2013
Cannondale,Quick Carbon 1,Road,2012
Cannondale,Quick Carbon 1,Road,2011
Cannondale,Quick Carbon 1,Road,2010
Cannondale,Quick Carbon 2,URBAN & FITNESS,2018
Cannondale,Quick Carbon 2,Hybrid,2017
Cannondale,Quick Carbon 2,Hybrid,2016
Cannondale,Quick Carbon 2,Hybrid,2014
Cannondale,Quick Carbon 2,Road,2013
Cannondale,Quick Carbon 2,Road,2012
Cannondale,Quick Carbon 2,Road,2011
Cannondale,Quick Carbon 2,Road,2010
Cannondale,Quick CX 1,URBAN & FITNESS,2021
Cannondale,Quick CX 1,URBAN & FITNESS,2020
Cannondale,Quick CX 1,URBAN & FITNESS,2019
Cannondale,Quick CX 1,Hybrid,2018
Cannondale,Quick CX 1,Hybrid,2016
Cannondale,Quick CX 1,Hybrid,2015
Cannondale,Quick CX 1,Hybrid,2014
Cannondale,Quick CX 1,Hybrid,2013
Cannondale,Quick CX 1,Hybrid,2012
Cannondale,Quick CX 1,Hybrid,2011
Cannondale,Quick CX 2,URBAN & FITNESS,2021
Cannondale,Quick CX 2,URBAN & FITNESS,2020
Cannondale,Quick CX 2,URBAN & FITNESS,2019
Cannondale,Quick CX 2,URBAN & FITNESS,2018
Cannondale,Quick CX 2,Hybrid,2017
Cannondale,Quick CX 2,Hybrid,2016
Cannondale,Quick CX 2,Hybrid,2015
Cannondale,Quick CX 2,Hybrid,2014
Cannondale,Quick CX 2,Hybrid,2013
Cannondale,Quick CX 2,Hybrid,2012
Cannondale,Quick CX 2,Hybrid,2011
Cannondale,Quick CX 3,URBAN & FITNESS,2021
Cannondale,Quick CX 3,URBAN & FITNESS,2020
Cannondale,Quick CX 3,URBAN & FITNESS,2019
Cannondale,Quick CX 3,URBAN & FITNESS,2018
Cannondale,Quick CX 3,Hybrid,2017
Cannondale,Quick CX 3,Hybrid,2016
Cannondale,Quick CX 3,Hybrid,2015
Cannondale,Quick CX 3,Hybrid,2014
Cannondale,Quick CX 3,Hybrid,2013
Cannondale,Quick CX 3,Hybrid,2012
Cannondale,Quick CX 3,Hybrid,2011
Cannondale,Quick CX 4,URBAN & FITNESS,2021
Cannondale,Quick CX 4,URBAN & FITNESS,2020
Cannondale,Quick CX 4,URBAN & FITNESS,2019
Cannondale,Quick CX 4,URBAN & FITNESS,2018
Cannondale,Quick CX 4,Hybrid,2017
Cannondale,Quick CX 4,Hybrid,2016
Cannondale,Quick CX 4,Hybrid,2015
Cannondale,Quick CX 4,Hybrid,2014
Cannondale,Quick CX 4,Hybrid,2013
Cannondale,Quick CX 4,Hybrid,2012
Cannondale,Quick CX 4,Hybrid,2011
Cannondale,Road Tandem 2,E-Bike,2016
Cannondale,Road Tandem 2,Other,2015
Cannondale,Road Tandem 2,Other,2014
Cannondale,Road Tandem 2,Road,2012
Cannondale,Road Tandem 2,Road,2011
Cannondale,Road Tandem 2,Road,2010
Cannondale,Road Tandem 2,Road,2009
Cannondale,Road Tandem 2,Road,2008
Cannondale,Trail 5,Mountain,2021
Cannondale,Trail 5,Mountain,2020
Cannondale,Trail 5,Mountain,2019
Cannondale,Trail 5,Mountain,2018
Cannondale,Trail 5,Mountain,2016
Cannondale,Trail 5,Mountain,2015
Cannondale,Trail 5,Mountain,2014
Cannondale,Trail 5,Mountain,2013
Cannondale,Trail 5,Mountain,2011
Cannondale,Trail 6,Mountain,2021
Cannondale,Trail 6,Mountain,2020
Cannondale,Trail 6,Mountain,2019
Cannondale,Trail 6,Mountain,2018
Cannondale,Trail 6,Mountain,2015
Cannondale,Trail 6,Mountain,2014
Cannondale,Trail 6,Mountain,2013
Cannondale,Trail 6,Mountain,2012
Cannondale,Trail 6,Mountain,2011
Cannondale,Trail 7,Mountain,2021
Cannondale,Trail 7,Mountain,2020
Cannondale,Trail 7,Mountain,2019
Cannondale,Trail 7,Mountain,2018
Cannondale,Trail 7,Mountain,2016
Cannondale,Trail 7,Mountain,2015
Cannondale,Trail 7,Mountain,2014
Cannondale,Trail 7,Mountain,2013
